call_block_date,call_block_time,call_tx_hash,call_tx_from,to_address,amount_wei,call_success,call_block_number
2024-09-17,2024-09-17 19:54:27.000 UTC,0x4e762be6a0f269a8e6bac48605adeac841c4538ab1f47ee39a80d9deae1236ea,0x1cf45e289015ca51e76f74385cb3187f5ccf1fe5,0x0155b191ec52728d26b1cd82f6a412d5d6897c04,1000000000000000000000000,true,27786128
2024-10-03,2024-10-03 14:11:03.000 UTC,0x8790be9a58c0aa0f62e6172be9632ae46c15539b987fb89a3b12444b744844ff,0xdeff5c9e6432182c9f2ca8976f035db1427853e8,0x0155b191ec52728d26b1cd82f6a412d5d6897c04,120405554000000000000000000,true,28058482
2024-10-22,2024-10-22 22:05:57.000 UTC,0x8b41c5f298df437ecd87eace5dcbfc134dc6001532125c5d4d2c471dd89fa4a5,0xdeff5c9e6432182c9f2ca8976f035db1427853e8,0x0155b191ec52728d26b1cd82f6a412d5d6897c04,179000000000000000000000000,true,28392492
2024-11-25,2024-11-25 19:11:21.000 UTC,0xc1b1c7af0c7ecb7e33eb523fa304c7a247de4d562da6522fafdf5b017677f9e8,0xdeff5c9e6432182c9f2ca8976f035db1427853e8,0x0155b191ec52728d26b1cd82f6a412d5d6897c04,15000000000000000000000000,true,28977811
2024-11-29,2024-11-29 15:13:00.000 UTC,0x14bfa449e936bebaa32866207e1d75761894b027e1406d91cd572db4096460ef,0xd91e2d0aaf1e29e1472b874b985d1633aa8ec1c5,0x0155b191ec52728d26b1cd82f6a412d5d6897c04,15005999478823065659737105,true,29044045
2024-11-29,2024-11-29 19:09:15.000 UTC,0xee0f999cb3b637bf714daae8c7fef0c99e89b22b05c179fb12e96a1fafbeefb3,0xdeff5c9e6432182c9f2ca8976f035db1427853e8,0x0155b191ec52728d26b1cd82f6a412d5d6897c04,13350000000000000000000000,true,29046880
2024-12-02,2024-12-02 17:40:36.000 UTC,0x6e9a07d537bfb08b8baf6e583e4f7317b5beac3db033b5473189d4a1f6569600,0xd91e2d0aaf1e29e1472b874b985d1633aa8ec1c5,0x0155b191ec52728d26b1cd82f6a412d5d6897c04,15010447271778850721008959,true,29097651
2024-12-02,2024-12-02 19:23:46.000 UTC,0xee8d3e3108ae5322083c13b8ac67f49b019744236589953669963e809ee05359,0x6861428b4490b574dabfc234bfe26e42dca52b7f,0x0155b191ec52728d26b1cd82f6a412d5d6897c04,13350000000000000000000000,true,29098889
2024-12-03,2024-12-03 20:57:05.000 UTC,0x696b5fb7c3ddf5417f09cc96065fbd9e8534b23781e225cc6470ce9a30c0bd4a,0x50c57894c3b9bf022d10b94b9d940a48a93cd8c0,0x0155b191ec52728d26b1cd82f6a412d5d6897c04,15000000000000000000000000,true,29117273
2024-12-04,2024-12-04 18:35:14.000 UTC,0xa270f866cabd99808c701540f0470e0e44fc1e1d2c7ebdcc0d36f3974fd57780,0x6861428b4490b574dabfc234bfe26e42dca52b7f,0x0155b191ec52728d26b1cd82f6a412d5d6897c04,14200000000000000000000000,true,29132850
2024-12-09,2024-12-09 10:37:03.000 UTC,0x573fed36783c0f11e3615f2cf14dd6fbcec976d95f55b1e27d80390033405e96,0x50c57894c3b9bf022d10b94b9d940a48a93cd8c0,0x0155b191ec52728d26b1cd82f6a412d5d6897c04,15000000000000000000000000,true,29213505
2024-12-09,2024-12-09 17:35:30.000 UTC,0xaa2cb3b331d5829d207f716a24e95afa1177d76bc8324d2d36b8ab8fb449068c,0xad1648c366fcbea944b7349df94ad0d7f386ede3,0x0155b191ec52728d26b1cd82f6a412d5d6897c04,14218148090499842629651395,true,29218526
2024-12-09,2024-12-09 20:24:30.000 UTC,0x98b61db60a7452d4652273a4f67dc6fb24f6cc962d196bb12615a7a98a641547,0x6861428b4490b574dabfc234bfe26e42dca52b7f,0x0155b191ec52728d26b1cd82f6a412d5d6897c04,16454676501043152577583927,true,29220554
2024-12-16,2024-12-16 19:32:39.000 UTC,0x932621fe49932e666bce7f5bed757a86c16572d171dc5f199706f50dc2c11422,0x1cf45e289015ca51e76f74385cb3187f5ccf1fe5,0x0155b191ec52728d26b1cd82f6a412d5d6897c04,30672824591542995207235322,true,29340859
2025-01-10,2025-01-10 20:57:18.000 UTC,0x4478e454a4ed0d1a2352ad2fe9a6ebbde9e1e5725aa2cfc55cb681977ed70958,0x20de51a44b0627d9c3943f5a2e4d140ff34adb10,0x0155b191ec52728d26b1cd82f6a412d5d6897c04,4414287000000000000000000,true,29773840
2025-01-13,2025-01-13 17:27:14.000 UTC,0x1c73fe64bc2135ba76fda0fd02835615e3ba0a7915d19b6923056e6e6ce83368,0x20de51a44b0627d9c3943f5a2e4d140ff34adb10,0x0155b191ec52728d26b1cd82f6a412d5d6897c04,8876383000000000000000000,true,29823158
2025-02-05,2025-02-05 20:00:15.000 UTC,0xd0698d2e0db3f32188d9fd9d569b948595ec72a647250cdd3d3bfb9e06e34c19,0x40270c6e7f3a3a9d663245b23f4f84531ad7c1e8,0x0155b191ec52728d26b1cd82f6a412d5d6897c04,12367435520000000000000000,true,30222403
2025-02-07,2025-02-07 19:00:58.000 UTC,0x23940abd0b8b2aa0f26969550edb8020327ee32916e76ac01e985615673cc078,0x50c57894c3b9bf022d10b94b9d940a48a93cd8c0,0x0155b191ec52728d26b1cd82f6a412d5d6897c04,26600000000000000000000000,true,30256249
2025-02-10,2025-02-10 19:12:00.000 UTC,0xdd0b5fae1d6a687c5641de90737829623ad7b4cb2c5701bb5281812425ab2839,0x1cf45e289015ca51e76f74385cb3187f5ccf1fe5,0x0155b191ec52728d26b1cd82f6a412d5d6897c04,12928000004328030301691314,true,30308219
2025-02-28,2025-02-28 20:46:54.000 UTC,0x2c398b69f5f04c671de01b51f12e8b6e65185b12a1018178a140338d6b6231f3,0x20de51a44b0627d9c3943f5a2e4d140ff34adb10,0x0155b191ec52728d26b1cd82f6a412d5d6897c04,12000000000000000000000000,true,30620225
2025-03-03,2025-03-03 20:44:44.000 UTC,0xdac776cafcab3bab16e1c6d3296b4e6999bacb5dd9ff8a89ca3b853f4d1d6e29,0x20de51a44b0627d9c3943f5a2e4d140ff34adb10,0x0155b191ec52728d26b1cd82f6a412d5d6897c04,20000000000000000000000000,true,30672036
2025-03-18,2025-03-18 16:10:15.000 UTC,0xfb7e439ec70d7b17ede386f0d6c9f9217e998bc1e8b9a0076878cad13f2b2fca,0x50c57894c3b9bf022d10b94b9d940a48a93cd8c0,0x0155b191ec52728d26b1cd82f6a412d5d6897c04,10000000000000000000000,true,30927927
2025-03-18,2025-03-18 21:24:15.000 UTC,0x9816ac6147e306eed0b524399688f14ab31b0c581bc24a69ec4db2092f9ab958,0x1cf45e289015ca51e76f74385cb3187f5ccf1fe5,0x0155b191ec52728d26b1cd82f6a412d5d6897c04,10000000000000000000000000,true,30931695
2025-04-03,2025-04-03 14:41:37.000 UTC,0x85c8e0ee218fa76a691f7f88b24d9f8e6dd43f87031d91fb599d74969b2bec12,0x50c57894c3b9bf022d10b94b9d940a48a93cd8c0,0x0155b191ec52728d26b1cd82f6a412d5d6897c04,10000000000000000000000000,true,31790539
2025-04-04,2025-04-04 23:55:21.000 UTC,0x6ef392c24cd96154d5e510f1de296ad605c0a703a1cb4f9cfbc54d601f5f3c75,0x50c57894c3b9bf022d10b94b9d940a48a93cd8c0,0x0155b191ec52728d26b1cd82f6a412d5d6897c04,15960076000000000000000000,true,31910163
2025-04-07,2025-04-07 17:29:14.000 UTC,0xa16324f50b3b944e150d41726d7b6dc432f537f643dd465a3901317469bc2804,0x20de51a44b0627d9c3943f5a2e4d140ff34adb10,0x0155b191ec52728d26b1cd82f6a412d5d6897c04,491523000000000000000000,true,32146196
2025-04-07,2025-04-07 18:13:13.000 UTC,0xdccad85382cea1c72fe1c338f4e4e5bab7f9c92247b192d59fded402694fda1d,0x20de51a44b0627d9c3943f5a2e4d140ff34adb10,0x0155b191ec52728d26b1cd82f6a412d5d6897c04,6123000000000000000000000,true,32148835
2025-04-07,2025-04-07 22:04:26.000 UTC,0xb504fee020191522db4d9b6a3e07667b6100017f19ab1811fd4ff8c48a6ed2b8,0x20de51a44b0627d9c3943f5a2e4d140ff34adb10,0x0155b191ec52728d26b1cd82f6a412d5d6897c04,26850000000000000000000000,true,32162708
2025-04-08,2025-04-08 16:01:57.000 UTC,0x9b263de635d63686e7139ba02f7693024d2a0774d127b602fbca0a89ec46085b,0x1cf45e289015ca51e76f74385cb3187f5ccf1fe5,0x0155b191ec52728d26b1cd82f6a412d5d6897c04,16022000000000000000000000,true,32227359
2025-04-08,2025-04-08 16:51:38.000 UTC,0x8c24e3714d3d0054d8fc253df16f5e56c62d877d519f6cbda5d149200f8f7c66,0x40270c6e7f3a3a9d663245b23f4f84531ad7c1e8,0x0155b191ec52728d26b1cd82f6a412d5d6897c04,7293000000000000000000000,true,32230340
2025-04-08,2025-04-08 17:51:32.000 UTC,0xf6fe183ea3b85d0bde861e74cd2e452dcc84921fbbcc8ae69af6afa17cbb5dc7,0x50c57894c3b9bf022d10b94b9d940a48a93cd8c0,0x0155b191ec52728d26b1cd82f6a412d5d6897c04,12600000000000000000000000,true,32233934
2025-04-09,2025-04-09 15:21:21.000 UTC,0x227e9cab94177cf8d68753e10782ce3e7114ba535c5023cb22be3730a930024f,0x50c57894c3b9bf022d10b94b9d940a48a93cd8c0,0x0155b191ec52728d26b1cd82f6a412d5d6897c04,23922000000000000000000000,true,32311323
2025-04-10,2025-04-10 22:16:25.000 UTC,0x78ac90616b9437941dc5b83f1981a8b9ef49a30994d207ece53d5963b9e1a18e,0x50c57894c3b9bf022d10b94b9d940a48a93cd8c0,0x0155b191ec52728d26b1cd82f6a412d5d6897c04,23845073000000000000000000,true,32422627
2025-04-22,2025-04-22 18:51:25.000 UTC,0x6b0dd72c2932ca507bb069b710342a8ce59c1eafdff386701666eef7880193a1,0x50c57894c3b9bf022d10b94b9d940a48a93cd8c0,0x0155b191ec52728d26b1cd82f6a412d5d6897c04,15000000000000000000000000,true,33447127
2025-04-23,2025-04-23 20:29:07.000 UTC,0x41ed89f20be18c1fdfb703fe428abb6ba7b1b51711891d84e176af1ff13e769a,0x40270c6e7f3a3a9d663245b23f4f84531ad7c1e8,0x0155b191ec52728d26b1cd82f6a412d5d6897c04,4154000000000000000000000,true,33539389
2025-04-29,2025-04-29 23:54:16.000 UTC,0xeeb75f58cd8d4d5263ad9f7d79325d3ecd6b05ad95dd9241c0ee22e74e2ce3f3,0x20de51a44b0627d9c3943f5a2e4d140ff34adb10,0x0155b191ec52728d26b1cd82f6a412d5d6897c04,12300000000000000000000000,true,34070098
2025-05-06,2025-05-06 19:03:36.000 UTC,0x150a0c6e8d918e413dde1e482405eca1e739e0c6977d367a833abd21e7682693,0x1cf45e289015ca51e76f74385cb3187f5ccf1fe5,0x0155b191ec52728d26b1cd82f6a412d5d6897c04,8418000000000000000000000,true,34657458
2025-05-07,2025-05-07 14:11:35.000 UTC,0x6bf4740cd662eab8750e1f0b85086d37b7361224ff93dcf9d6e04e6266a98063,0x40270c6e7f3a3a9d663245b23f4f84531ad7c1e8,0x0155b191ec52728d26b1cd82f6a412d5d6897c04,8495800000000000000000000,true,34726337
2025-05-07,2025-05-07 17:29:37.000 UTC,0x8c906adb3bbc9c2a4750550668be952e4a7da6fdb9fb37fd5cf2b10fc17900d4,0x50c57894c3b9bf022d10b94b9d940a48a93cd8c0,0x0155b191ec52728d26b1cd82f6a412d5d6897c04,20023000000000000000000000,true,34738219
2025-05-08,2025-05-08 14:55:02.000 UTC,0x513b711c1bb8a99269ff1efe3bde48bbdcaed0d059150581373b6c6b891facbb,0x20de51a44b0627d9c3943f5a2e4d140ff34adb10,0x0155b191ec52728d26b1cd82f6a412d5d6897c04,8538500000000000000000000,true,34815344
2025-05-19,2025-05-19 20:39:19.000 UTC,0x7e59a81113db8aac8e23e3641363f81aa99aa96cfde5cca2589aa9ea1874c4f1,0x20de51a44b0627d9c3943f5a2e4d140ff34adb10,0x0155b191ec52728d26b1cd82f6a412d5d6897c04,20000000000000000000000000,true,35786401
2025-05-21,2025-05-21 17:56:17.000 UTC,0xfe449371c5a27a2a88c5faa9bec3b56f0ae9d53abef31f7579167f8ebbb1ef1b,0x40270c6e7f3a3a9d663245b23f4f84531ad7c1e8,0x0155b191ec52728d26b1cd82f6a412d5d6897c04,26730000000000000000000000,true,35949419
2025-05-23,2025-05-23 19:56:50.000 UTC,0x497798ae343483e72fbcb773b636431320c441fc2dd0e7965a3ef24d30929a56,0x6861428b4490b574dabfc234bfe26e42dca52b7f,0x0155b191ec52728d26b1cd82f6a412d5d6897c04,1167485000000000000000000,true,36129452
2025-05-27,2025-05-27 17:17:03.000 UTC,0xc79d48461f9a63a4f997d97d204dc7f2294ccb42a73f22669d5c880eb1775c0b,0x1cf45e289015ca51e76f74385cb3187f5ccf1fe5,0x0155b191ec52728d26b1cd82f6a412d5d6897c04,270374000000000000000000,true,36465465
2025-05-28,2025-05-28 17:40:11.000 UTC,0x5694e48a9244f24a30c01046aa41505afa5353f52fcc3d6e290c7bd31f12b1bd,0x40270c6e7f3a3a9d663245b23f4f84531ad7c1e8,0x0155b191ec52728d26b1cd82f6a412d5d6897c04,22997054000000000000000000,true,36553253
2025-05-28,2025-05-28 18:17:06.000 UTC,0x3dca0b4b9bdaa4ff0a2878e0c5027d4855245ef72c7a8904b2f5eb41fbe180f2,0x1cf45e289015ca51e76f74385cb3187f5ccf1fe5,0x0155b191ec52728d26b1cd82f6a412d5d6897c04,50051000000000000000000000,true,36555468
2025-05-29,2025-05-29 15:12:27.000 UTC,0x198eeaae73cd25fab4826b54b2d1c39bf071f1ae33f6f0882d6bd4717403e2fc,0x40270c6e7f3a3a9d663245b23f4f84531ad7c1e8,0x0155b191ec52728d26b1cd82f6a412d5d6897c04,15060000000000000000000000,true,36630789
2025-06-04,2025-06-04 23:22:58.000 UTC,0x6006ca8e741e007e5dc1ab94f864543d0390ff038e9a261c9956decc0c22f73f,0x6861428b4490b574dabfc234bfe26e42dca52b7f,0x0155b191ec52728d26b1cd82f6a412d5d6897c04,48400000000000000000000000,true,37178620
2025-06-11,2025-06-11 11:40:33.000 UTC,0x6bb5fbf1318195b4dd04e2f6aaf44eeb9c6d8336d90bae4e28eae108d47ba1ca,0x50c57894c3b9bf022d10b94b9d940a48a93cd8c0,0x0155b191ec52728d26b1cd82f6a412d5d6897c04,7055639000000000000000000,true,37741275
2025-06-11,2025-06-11 18:09:43.000 UTC,0xcdf436e6ea6a799e0fcd8908c27e76ebb28c5193683ab8591a0ec3a6422e22f0,0x1cf45e289015ca51e76f74385cb3187f5ccf1fe5,0x0155b191ec52728d26b1cd82f6a412d5d6897c04,30725000000000000000000000,true,37764625
2025-06-18,2025-06-18 18:55:01.000 UTC,0xca9c2e0e98911ee23614645f777974531bf3462d147b177d358b2ae4d3f7a310,0x20de51a44b0627d9c3943f5a2e4d140ff34adb10,0x0155b191ec52728d26b1cd82f6a412d5d6897c04,143972500000000000000000000,true,38372143
2025-06-20,2025-06-20 18:45:05.000 UTC,0x642d45fef5c827b338ecf0cf7b10d74b359f6ae4d1eebeb2f3f1f33dcc068b72,0x6861428b4490b574dabfc234bfe26e42dca52b7f,0x0155b191ec52728d26b1cd82f6a412d5d6897c04,9397763000000000000000000,true,38544347
2025-06-20,2025-06-20 19:38:41.000 UTC,0x494b83473674af093bb6b1fc224be595a3174718cc2fb31f8fe9940ffc9b26b7,0x6861428b4490b574dabfc234bfe26e42dca52b7f,0x0155b191ec52728d26b1cd82f6a412d5d6897c04,11400899000000000000000000,true,38547563
2025-06-26,2025-06-26 20:38:28.000 UTC,0xe600ec94054a649ba67f323f6ce662ce68820406986856e9d9c032fc32532730,0x6861428b4490b574dabfc234bfe26e42dca52b7f,0x0155b191ec52728d26b1cd82f6a412d5d6897c04,91400000000000000000000000,true,39069550
2025-07-01,2025-07-01 18:55:34.000 UTC,0xe51dd35498517ef63edf300c133302299414e5693e8f27c916ab4c986fe02bb1,0xdf8e6d54e6f7f5199693fbd20c501b7d438d4854,0x0155b191ec52728d26b1cd82f6a412d5d6897c04,6730929000000000000000000,true,39495376
2025-07-01,2025-07-01 20:55:40.000 UTC,0x393b1d30699c93ba9949ee155ea556f760cd04288c8080b6acb252b69e6a0a8b,0x604ab90ccc26f34e758dfed290576d63e27a4385,0x0155b191ec52728d26b1cd82f6a412d5d6897c04,105427479000000000000000000,true,39502582
2025-07-02,2025-07-02 13:51:04.000 UTC,0xca968def2076b3c20005c6de62adb1073b10fc0227bf043cc4fb135a14cb9105,0x604ab90ccc26f34e758dfed290576d63e27a4385,0x0155b191ec52728d26b1cd82f6a412d5d6897c04,192031000000000000000000,true,39563506
2025-07-02,2025-07-02 18:00:20.000 UTC,0xfa7aef38cf672c25def1917d7857e60892222fc8e8e9ba183b27f0ac320a00dc,0x604ab90ccc26f34e758dfed290576d63e27a4385,0x0155b191ec52728d26b1cd82f6a412d5d6897c04,2519807000000000000000000,true,39578462
2025-07-03,2025-07-03 17:53:30.000 UTC,0xa945724ec5a256daf26112120080ee228d7fec9045e42557592ca1203c35961b,0xdf8e6d54e6f7f5199693fbd20c501b7d438d4854,0x0155b191ec52728d26b1cd82f6a412d5d6897c04,119592683000000000000000000,true,39664452
2025-07-04,2025-07-04 15:37:50.000 UTC,0x54707b544207b73bb13f3d607cc4ad8d4736cdbe8430cbc946e740675bbe7bfe,0x604ab90ccc26f34e758dfed290576d63e27a4385,0x0155b191ec52728d26b1cd82f6a412d5d6897c04,24000000000000000000000000,true,39742712
2025-07-07,2025-07-07 23:27:23.000 UTC,0xb02e9c9a9eca7b86e3b98859171496ffa014062895a8ffdb1ff379289dbeebc8,0x6861428b4490b574dabfc234bfe26e42dca52b7f,0x0155b191ec52728d26b1cd82f6a412d5d6897c04,599070000000000000000000,true,40030085
2025-07-09,2025-07-09 20:30:58.000 UTC,0x98f30b7e5cbc73cd693f9081c3e1fc9bf2abe1273bf0b0f49bfe9d1678d1e55a,0x6861428b4490b574dabfc234bfe26e42dca52b7f,0x0155b191ec52728d26b1cd82f6a412d5d6897c04,57134215000000000000000000,true,40192300
2025-07-09,2025-07-09 21:12:14.000 UTC,0x126c59182a5bdd7ba501991e7779563d82248b01b46bd997d4ff702681cb6dbf,0xdf8e6d54e6f7f5199693fbd20c501b7d438d4854,0x0155b191ec52728d26b1cd82f6a412d5d6897c04,27054992000000000000000000,true,40194776
2025-07-10,2025-07-10 18:04:38.000 UTC,0x12f3b440ee0ab2d8f598acbf15da495b1b0b5c66fe16dc14b67f7983e841da1f,0x50c57894c3b9bf022d10b94b9d940a48a93cd8c0,0x0155b191ec52728d26b1cd82f6a412d5d6897c04,72520000000000000000000000,true,40269920
2025-07-11,2025-07-11 13:27:21.000 UTC,0x5ccc81a3daf3e8b3ac84d5b2b96662225ff4c35dfb077e392445bcf181076b38,0xdf8e6d54e6f7f5199693fbd20c501b7d438d4854,0x0155b191ec52728d26b1cd82f6a412d5d6897c04,106327000000000000000000,true,40339683
2025-07-17,2025-07-17 17:30:22.000 UTC,0xcb8d87d6e698a430b74e57a3885584bcdd64d8363fe43fb8708dbb66e7d36951,0xd91e2d0aaf1e29e1472b874b985d1633aa8ec1c5,0x0155b191ec52728d26b1cd82f6a412d5d6897c04,122774202000000000000000000,true,40872664
2025-07-17,2025-07-17 18:24:43.000 UTC,0xd7b2e3f8b947b6d3ec745dd7f46f180b0d6eabf17c2741ebf89d8b25edb85e1a,0x4b7548a99cc6540c4e74d42e7cc101866ce8e315,0x0155b191ec52728d26b1cd82f6a412d5d6897c04,93149860000000000000000000,true,40875925
2025-07-18,2025-07-18 22:00:49.000 UTC,0xa81dd442051a95b9ef484124e115df8a5f4ab89c62f2f099f02e3cf5aa42b388,0x4b7548a99cc6540c4e74d42e7cc101866ce8e315,0x0155b191ec52728d26b1cd82f6a412d5d6897c04,106327000000000000000000,true,40975291
2025-07-18,2025-07-18 22:44:16.000 UTC,0xad3694e917c6041b8563bc03e481b9d403cd2a206c8e20dcee543594f28e9fb2,0xdf8e6d54e6f7f5199693fbd20c501b7d438d4854,0x0155b191ec52728d26b1cd82f6a412d5d6897c04,3246349000000000000000000,true,40977898
2025-07-21,2025-07-21 23:32:09.000 UTC,0xb4bd8b40e486665ea20a6725587de94010f09443e2a4308cc31c11a2fe383d72,0xdf8e6d54e6f7f5199693fbd20c501b7d438d4854,0x0155b191ec52728d26b1cd82f6a412d5d6897c04,15522275000000000000000000,true,41239971
2025-07-22,2025-07-22 22:40:07.000 UTC,0x9a05c2fee132b8fd59d89341604e0e11b5a9ffc05c75e7710dad1257e10083f9,0x4b7548a99cc6540c4e74d42e7cc101866ce8e315,0x0155b191ec52728d26b1cd82f6a412d5d6897c04,200000000000000000000000,true,41323249
2025-07-23,2025-07-23 20:32:35.000 UTC,0xdd17aaa7aae60b6d27270726c3c44a5c6d779a7c5a6413f010466da2603b3282,0x20de51a44b0627d9c3943f5a2e4d140ff34adb10,0x0155b191ec52728d26b1cd82f6a412d5d6897c04,473398845000000000000000000,true,41401997
2025-07-23,2025-07-23 21:21:31.000 UTC,0xdd9da299986b9b9bf954e5e3d7621a6ea667334f819f02a02a4abd18b7d0e531,0xdf8e6d54e6f7f5199693fbd20c501b7d438d4854,0x0155b191ec52728d26b1cd82f6a412d5d6897c04,106327000000000000000000,true,41404933
2025-07-24,2025-07-24 13:25:59.000 UTC,0xecf871eabe07cb80b85427b1fd11b3d7875de71744e953fe1f7c820fd4fe6dde,0x4b7548a99cc6540c4e74d42e7cc101866ce8e315,0x0155b191ec52728d26b1cd82f6a412d5d6897c04,94956799000000000000000000,true,41462801
2025-07-24,2025-07-24 16:22:27.000 UTC,0xea6a4631c9b13032118dc383ce53f7b3c40b7251fe8602f1cd306bb88d482d8f,0x4b7548a99cc6540c4e74d42e7cc101866ce8e315,0x0155b191ec52728d26b1cd82f6a412d5d6897c04,50000010000000000000000000,true,41473389
2025-07-24,2025-07-24 19:12:38.000 UTC,0xe6876b29a41880c41ed378a9dd82951729a0c747e6f6d969a2eca7b0e446df66,0x4b7548a99cc6540c4e74d42e7cc101866ce8e315,0x0155b191ec52728d26b1cd82f6a412d5d6897c04,11120513000000000000000000,true,41483600
2025-07-24,2025-07-24 21:36:08.000 UTC,0x7704fa98a30af9d92c29a94dbd816fd4c8b6bdeee4715f638f75c09fd28e4e40,0x4b7548a99cc6540c4e74d42e7cc101866ce8e315,0x0155b191ec52728d26b1cd82f6a412d5d6897c04,59926608000000000000000000,true,41492210
2025-07-25,2025-07-25 14:13:57.000 UTC,0x5aa923984cc7f60c350ef75a6820b4da5ae3833ba68968a560bf7fac494f72d5,0x6861428b4490b574dabfc234bfe26e42dca52b7f,0x0155b191ec52728d26b1cd82f6a412d5d6897c04,13076542000000000000000000,true,41552079
2025-07-25,2025-07-25 15:14:43.000 UTC,0xc76aa131c6c9523977375de102b40bb03727e6782ae2934a3f08fe48704bf4ac,0x4b7548a99cc6540c4e74d42e7cc101866ce8e315,0x0155b191ec52728d26b1cd82f6a412d5d6897c04,165230915000000000000000000,true,41555725
2025-07-28,2025-07-28 13:53:38.000 UTC,0x26f424c3a0e8fee67a4efdad5f3df60cdd9b86142c97b185e222ef82bbb3f01e,0x604ab90ccc26f34e758dfed290576d63e27a4385,0x0155b191ec52728d26b1cd82f6a412d5d6897c04,20490000000000000000000000,true,41810060
2025-07-28,2025-07-28 21:25:06.000 UTC,0x8e24cc6e04e8728c67752369cbff7403881f1546c345c89ad5e8055c78b2e538,0x4b7548a99cc6540c4e74d42e7cc101866ce8e315,0x0155b191ec52728d26b1cd82f6a412d5d6897c04,13076542000000000000000000,true,41837148
2025-07-29,2025-07-29 19:49:07.000 UTC,0xdf338e7183919df03ecd136ee0dfccc133013e4cabbd7ae87d5b52389273e017,0x604ab90ccc26f34e758dfed290576d63e27a4385,0x0155b191ec52728d26b1cd82f6a412d5d6897c04,2187141000000000000000000,true,41917789
2025-07-29,2025-07-29 23:12:01.000 UTC,0xb692b2a701a20d1bfedb86f4e9468479df783ee11e97d8534743da12f249bd48,0xd91e2d0aaf1e29e1472b874b985d1633aa8ec1c5,0x0155b191ec52728d26b1cd82f6a412d5d6897c04,58419443000000000000000000,true,41929963
2025-07-30,2025-07-30 18:47:41.000 UTC,0x5e9bdd246e92c94d34a4faa833d2c9121d2e2ecdc147c21d49dc88f4bc2bd428,0x20de51a44b0627d9c3943f5a2e4d140ff34adb10,0x0155b191ec52728d26b1cd82f6a412d5d6897c04,33211709000000000000000000,true,42000503
2025-07-30,2025-07-30 20:00:58.000 UTC,0xc610a10cfd3cd19e6e21e520cb6c10e6712b7a2385042ca4c848eb4f5256668c,0x20de51a44b0627d9c3943f5a2e4d140ff34adb10,0x0155b191ec52728d26b1cd82f6a412d5d6897c04,29008700000000000000000000,true,42004900
2025-07-30,2025-07-30 22:34:00.000 UTC,0x2428f02587b4a4d7bb66371b019391014fbaf58f3acd05d941500f5f599051c4,0x4b7548a99cc6540c4e74d42e7cc101866ce8e315,0x0155b191ec52728d26b1cd82f6a412d5d6897c04,5603922000000000000000000,true,42014082
2025-07-31,2025-07-31 20:48:25.000 UTC,0xf86d77d6f16e7328581de84275a3f1f5cd3d51964dd374fa7eec48bcfd369794,0x4b7548a99cc6540c4e74d42e7cc101866ce8e315,0x0155b191ec52728d26b1cd82f6a412d5d6897c04,20000000000000000000000000,true,42094147
2025-08-04,2025-08-04 23:23:28.000 UTC,0x29f96f1d3c31816877a346a1b6b683769d7419a91e228bb0654835a76bd30aab,0x4b7548a99cc6540c4e74d42e7cc101866ce8e315,0x0155b191ec52728d26b1cd82f6a412d5d6897c04,92029000000000000000000,true,42449050
2025-08-06,2025-08-06 21:21:36.000 UTC,0x7155d840e0371ff48871f2da14faf2c89ce40eefff8c6af881a65daafbb0e20b,0x604ab90ccc26f34e758dfed290576d63e27a4385,0x0155b191ec52728d26b1cd82f6a412d5d6897c04,20000000000000000000000000,true,42614538
2025-08-08,2025-08-08 16:10:10.000 UTC,0xa803fa9dcf3c8612fd4abf3fcfc67a5296a4f89f8c0d217553ec2505ff842b00,0x4b7548a99cc6540c4e74d42e7cc101866ce8e315,0x0155b191ec52728d26b1cd82f6a412d5d6897c04,97174202000000000000000000,true,42768652
2025-08-12,2025-08-12 22:21:43.000 UTC,0x1bb78027192a3f9e6c30b017ed28ce5ba2db60c2680a1e470213f3262f569e35,0x6c13c367c295ba8de665ba64f0b644efb83f67bf,0x0155b191ec52728d26b1cd82f6a412d5d6897c04,42989079000000000000000000,true,43136545
2025-08-14,2025-08-14 20:40:24.000 UTC,0xa70c75b10d68f08f2067805317c1a881bcc3f3576193a6ebd4c835b645c6a282,0xdf8e6d54e6f7f5199693fbd20c501b7d438d4854,0x0155b191ec52728d26b1cd82f6a412d5d6897c04,2454783000000000000000000,true,43303266
2025-08-20,2025-08-20 22:37:20.000 UTC,0xfc56bae2ef38d31a95bf90f0af6dd854481ed5578407fe733729ce1565311502,0x6c13c367c295ba8de665ba64f0b644efb83f67bf,0x0155b191ec52728d26b1cd82f6a412d5d6897c04,108239073000000000000000000,true,43828682
2025-08-22,2025-08-22 13:10:13.000 UTC,0x37a46cf8a8e04f618b32bc82ae52aebf8531ad93537a136a9edd2886f57c8cc1,0x6c13c367c295ba8de665ba64f0b644efb83f67bf,0x0155b191ec52728d26b1cd82f6a412d5d6897c04,156162000000000000000000,true,43967455
2025-08-25,2025-08-25 16:54:19.000 UTC,0x87778c4c0bf6ea450bb95c25f7233fd33e7de454093ae7140bb9964a82005702,0x6c13c367c295ba8de665ba64f0b644efb83f67bf,0x0155b191ec52728d26b1cd82f6a412d5d6897c04,245675000000000000000000,true,44240101
2025-08-27,2025-08-27 12:59:06.000 UTC,0xd6175cbcd86f61e92edbee24b74a5298de8a901468179ec328fdc43332ab5548,0x604ab90ccc26f34e758dfed290576d63e27a4385,0x0155b191ec52728d26b1cd82f6a412d5d6897c04,1855000000000000000000000,true,44398788
2025-08-27,2025-08-27 20:19:42.000 UTC,0xe37a5c5a6166bc179b81ccf0954381aad37c9f5182a4237c32ceebe5943869a9,0x6c13c367c295ba8de665ba64f0b644efb83f67bf,0x0155b191ec52728d26b1cd82f6a412d5d6897c04,59000000000000000000000000,true,44425224
2025-09-03,2025-09-03 21:48:59.000 UTC,0x6f36a09b6d8e154aec493924d218219533871289d76323d8546a3f72d9a7399d,0x6c13c367c295ba8de665ba64f0b644efb83f67bf,0x0155b191ec52728d26b1cd82f6a412d5d6897c04,86371356000000000000000000,true,45035381
2025-09-05,2025-09-05 16:46:20.000 UTC,0x9c75e27922a11019ac6d5dc03d4c2d7edac139c1f0c5ed774c8c95a50984e5c9,0xdf8e6d54e6f7f5199693fbd20c501b7d438d4854,0x0155b191ec52728d26b1cd82f6a412d5d6897c04,1013658000000000000000000,true,45190022
2025-09-30,2025-09-30 19:08:34.000 UTC,0xabe3e8556699f6e29f5b07cf9e12cd11110feaa17a2b024c7fd33b2205d2fbf9,0xdf8e6d54e6f7f5199693fbd20c501b7d438d4854,0x0155b191ec52728d26b1cd82f6a412d5d6897c04,3200000000000000000000000,true,47358556
2025-10-10,2025-10-10 21:54:54.000 UTC,0x666fb47ec5eb72ab6a70a9bcc49329ab6dfccc4c56adb1903820723c7a545abe,0x6c13c367c295ba8de665ba64f0b644efb83f67bf,0x0155b191ec52728d26b1cd82f6a412d5d6897c04,2347011000000000000000000,true,48232536
2025-10-21,2025-10-21 17:32:57.000 UTC,0xd6b75b89c4bf2977a027f2b0d53245195a9f3cb2c64325ed0c0dcdf5a677f3f4,0xdf8e6d54e6f7f5199693fbd20c501b7d438d4854,0x0155b191ec52728d26b1cd82f6a412d5d6897c04,1000000000000000000000000,true,49167219
2025-10-28,2025-10-28 19:25:32.000 UTC,0x7f5369c5189838aad9fdb83e722c2a9fc7962e69135b743fed08bb61fe4f076f,0x6c13c367c295ba8de665ba64f0b644efb83f67bf,0x0155b191ec52728d26b1cd82f6a412d5d6897c04,3221923761637250989396742,true,49778774
2025-10-31,2025-10-31 13:55:44.000 UTC,0xbebd9c04079faee63dbb990d916a55b7ad3135f650ef2d85896bec57750e4749,0x6c13c367c295ba8de665ba64f0b644efb83f67bf,0x0155b191ec52728d26b1cd82f6a412d5d6897c04,26583306000000000000000000,true,50018186
2025-10-31,2025-10-31 19:47:43.000 UTC,0xc1eb5530247bc742a963c2386cdb6b43e7eb231c910c0470a0c633a10c192492,0xdf8e6d54e6f7f5199693fbd20c501b7d438d4854,0x0155b191ec52728d26b1cd82f6a412d5d6897c04,3200000000000000000000000,true,50039305
2025-11-07,2025-11-07 17:05:34.000 UTC,0x857710083accf8c598e596932c52766d3ed014d1af45b1b6c78d60cab90146d5,0xdf8e6d54e6f7f5199693fbd20c501b7d438d4854,0x0155b191ec52728d26b1cd82f6a412d5d6897c04,38367265000000000000000000,true,50634376
2025-11-11,2025-11-11 22:24:47.000 UTC,0x38256a8debb17cf4cf328f4eab2c34fc91180c9367985427a2d2f5d56d6b6769,0x604ab90ccc26f34e758dfed290576d63e27a4385,0x0155b191ec52728d26b1cd82f6a412d5d6897c04,48769423000000000000000000,true,50999129
2025-11-13,2025-11-13 13:15:42.000 UTC,0x96d9611aaf876050102a43a093aaff06f6b04eb04091afc9c4ab054b141a3c8f,0x6c13c367c295ba8de665ba64f0b644efb83f67bf,0x0155b191ec52728d26b1cd82f6a412d5d6897c04,3000000000000000000000000,true,51138984
2025-11-14,2025-11-14 13:05:00.000 UTC,0x165cb7bd6469b430a13eca8d5c9c996fad7b771d70955a78ff08a0fc8d5d86f6,0x604ab90ccc26f34e758dfed290576d63e27a4385,0x0155b191ec52728d26b1cd82f6a412d5d6897c04,53619097000000000000000000,true,51224742
2025-11-14,2025-11-14 14:25:12.000 UTC,0x55c277b37d32a44c43b1450dcb4bd89ab54e3b3ede6bf9fcbe14c5a955ee60b3,0x604ab90ccc26f34e758dfed290576d63e27a4385,0x0155b191ec52728d26b1cd82f6a412d5d6897c04,197611000000000000000000,true,51229554
2025-11-19,2025-11-19 23:40:54.000 UTC,0x69cb06f5614d36bb858d1282ff5493b289a06999eb09735cdbac175dea49d56c,0xdf8e6d54e6f7f5199693fbd20c501b7d438d4854,0x0155b191ec52728d26b1cd82f6a412d5d6897c04,26255922000000000000000000,true,51694896
2025-11-24,2025-11-24 13:10:03.000 UTC,0x2551472425105d617771282e76d3edc23678f0d1f537436a276d90d45b7ed250,0x604ab90ccc26f34e758dfed290576d63e27a4385,0x0155b191ec52728d26b1cd82f6a412d5d6897c04,56009051000000000000000000,true,52089045
2025-11-26,2025-11-26 17:44:01.000 UTC,0xd2a50f3ff59d2e1a90c4fd6b1855ac3b46118cea5741af45cc5ea3ec9129c7cf,0x6c13c367c295ba8de665ba64f0b644efb83f67bf,0x0155b191ec52728d26b1cd82f6a412d5d6897c04,555938000000000000000000,true,52278283
2025-11-26,2025-11-26 22:10:59.000 UTC,0x244de7cc7994e38325711817c1a00cc305392f67d6ae440baad7de980fe1b214,0x6c13c367c295ba8de665ba64f0b644efb83f67bf,0x0155b191ec52728d26b1cd82f6a412d5d6897c04,37703046000000000000000000,true,52294301
2025-11-28,2025-11-28 23:28:22.000 UTC,0x2103d83961dd219c1a60a5224310a05d47a33b8fb819b35f23dcd88c7eeb078c,0xdf8e6d54e6f7f5199693fbd20c501b7d438d4854,0x0155b191ec52728d26b1cd82f6a412d5d6897c04,172362607000000000000000000,true,52471744
2025-12-05,2025-12-05 13:18:25.000 UTC,0x351ed8b43fd4452f671be528149e9b4fad9dd3e35949d80b5b98d9febd280dd3,0x6c13c367c295ba8de665ba64f0b644efb83f67bf,0x0155b191ec52728d26b1cd82f6a412d5d6897c04,41657973000000000000000000,true,53039947
2025-12-11,2025-12-11 22:43:30.000 UTC,0xefb43591622958fa9a726d1bcb5996d481b7fb405cd8e17aeaaceb878cbc5576,0x1cf45e289015ca51e76f74385cb3187f5ccf1fe5,0x0155b191ec52728d26b1cd82f6a412d5d6897c04,86106764000000000000000000,true,53592252
2025-12-15,2025-12-15 20:06:30.000 UTC,0x7ffdfc60f9a6f60e4915f23ccff98f48088bd1b8a16248680a609a16137c0428,0x6c13c367c295ba8de665ba64f0b644efb83f67bf,0x0155b191ec52728d26b1cd82f6a412d5d6897c04,3749734000000000000000000,true,53928432
2025-12-19,2025-12-19 15:44:49.000 UTC,0x622043ebfc7bc365f73427bbf1715db2e43a047cb5002d8f8a2915c59018ee41,0x6c13c367c295ba8de665ba64f0b644efb83f67bf,0x0155b191ec52728d26b1cd82f6a412d5d6897c04,36769357000000000000000000,true,54258331
2025-12-23,2025-12-23 22:28:54.000 UTC,0x7951c4eb54ec0dd7bb4ec2438a5960c312ac27594ce901a0da29ecc6f906729f,0x604ab90ccc26f34e758dfed290576d63e27a4385,0x0155b191ec52728d26b1cd82f6a412d5d6897c04,2090917000000000000000000,true,54628176
2025-12-24,2025-12-24 13:42:12.000 UTC,0x866bb42eb196d11ff9f49f962b5abe4b66f44a75b3c24f2cd438cbfdd95902cd,0x604ab90ccc26f34e758dfed290576d63e27a4385,0x0155b191ec52728d26b1cd82f6a412d5d6897c04,90541059000000000000000000,true,54682974
2025-12-29,2025-12-29 21:36:05.000 UTC,0x6decba57f669f96f2a732f78b167766a28548122af6536d62e60f6ce8379284f,0x6c13c367c295ba8de665ba64f0b644efb83f67bf,0x0155b191ec52728d26b1cd82f6a412d5d6897c04,21800614000000000000000000,true,55143407
2026-01-02,2026-01-02 21:08:51.000 UTC,0x9d2e5aa5b0afb6c0d49228f8ce92316b3181d8731e9273cc05d26effe186c2a3,0x6c13c367c295ba8de665ba64f0b644efb83f67bf,0x0155b191ec52728d26b1cd82f6a412d5d6897c04,15128902000000000000000000,true,55487373
2026-01-09,2026-01-09 16:09:55.000 UTC,0x7c027414aee795e625cda1eee0f46919d13b861a7ac2fd574856f0045fb55577,0x6c13c367c295ba8de665ba64f0b644efb83f67bf,0x0155b191ec52728d26b1cd82f6a412d5d6897c04,14568058000000000000000000,true,56074237
2026-01-09,2026-01-09 17:45:34.000 UTC,0xdd88ab70ff17b565a210a07af0ebe82cec1b85c48d1a4e3211bfaf189951feb5,0x6c13c367c295ba8de665ba64f0b644efb83f67bf,0x0155b191ec52728d26b1cd82f6a412d5d6897c04,1364131000000000000000000,true,56079976
2026-01-13,2026-01-13 13:19:26.000 UTC,0x208b3d21897c9208a557d004970af1cd56c73d178e637a20c8ed94f0e9de3f35,0x6c13c367c295ba8de665ba64f0b644efb83f67bf,0x0155b191ec52728d26b1cd82f6a412d5d6897c04,46099320000000000000000000,true,56409608
2026-01-13,2026-01-13 13:20:42.000 UTC,0x1c0c18606f00292936d94dfe78ae5cbc71b68d55b3b0209599654a0bcb28a9e6,0x6c13c367c295ba8de665ba64f0b644efb83f67bf,0x0155b191ec52728d26b1cd82f6a412d5d6897c04,59759495000000000000000000,true,56409684
2026-01-14,2026-01-14 23:00:01.000 UTC,0xaa9d3259b74e3122bf4bd210dec77bbe5f6c84b790f501e8349f8969a96213d2,0x6c13c367c295ba8de665ba64f0b644efb83f67bf,0x0155b191ec52728d26b1cd82f6a412d5d6897c04,31732482000000000000000000,true,56530843
2026-01-15,2026-01-15 22:24:20.000 UTC,0x290d2a5311487d1c4b5038963efda3209c5a987de11401f9cb95dc64876ca021,0x604ab90ccc26f34e758dfed290576d63e27a4385,0x0155b191ec52728d26b1cd82f6a412d5d6897c04,2200000000000000000000000,true,56615102
2026-01-16,2026-01-16 22:58:39.000 UTC,0x4d8c19dc53f259d9fef2ab166de7e77b95f5ee5dcaabc2a3207fad86eae1a81d,0x6c13c367c295ba8de665ba64f0b644efb83f67bf,0x0155b191ec52728d26b1cd82f6a412d5d6897c04,15207338000000000000000000,true,56703561
2026-01-19,2026-01-19 14:25:58.000 UTC,0xcfa8b11611a5570e19c42f0df398d7f501af185fb7cb85dcfea89f1c783c9752,0x6c13c367c295ba8de665ba64f0b644efb83f67bf,0x0155b191ec52728d26b1cd82f6a412d5d6897c04,103539000000000000000000,true,56932000
2026-01-21,2026-01-21 13:10:00.000 UTC,0xe149e42b8d958d1dc2af0606cf2f8876fab61dc244b1d0de89fcaf24e5de3f88,0x6c13c367c295ba8de665ba64f0b644efb83f67bf,0x0155b191ec52728d26b1cd82f6a412d5d6897c04,27769733000000000000000000,true,57100242
2026-01-26,2026-01-26 16:40:55.000 UTC,0x46de3c4daf2563f5bf7cd68e0e3df53501260eb1e3ab0114005dae84f7b18752,0x604ab90ccc26f34e758dfed290576d63e27a4385,0x0155b191ec52728d26b1cd82f6a412d5d6897c04,7099347000000000000000000,true,57544897
2026-01-28,2026-01-28 16:27:05.000 UTC,0xce97bed577271194ea1b903f9362b8fdbf6a65c10aa99bce3b530228bf9bc9f7,0x6c13c367c295ba8de665ba64f0b644efb83f67bf,0x0155b191ec52728d26b1cd82f6a412d5d6897c04,199203187000000000000000000,true,57716867
2026-01-28,2026-01-28 22:39:43.000 UTC,0x0f212e07c4f8621d45d9095e55649d51dccd704b8f03eee33d79ce869c1f0933,0x6c13c367c295ba8de665ba64f0b644efb83f67bf,0x0155b191ec52728d26b1cd82f6a412d5d6897c04,40026402000000000000000000,true,57739225
2026-01-30,2026-01-30 23:09:18.000 UTC,0xedd9b46db28b5863f293b2c1714037af1a1a482d876c5338c33b3b8c64ea0f3b,0x6c13c367c295ba8de665ba64f0b644efb83f67bf,0x0155b191ec52728d26b1cd82f6a412d5d6897c04,1800000000000000000000000,true,57913800
2026-02-17,2026-02-17 18:29:44.000 UTC,0xbac69698bfda6b403c7b9fbd9f15dfa18caca68c1ad8666c705846dbe5817f7d,0x6c13c367c295ba8de665ba64f0b644efb83f67bf,0x0155b191ec52728d26b1cd82f6a412d5d6897c04,34606373000000000000000000,true,59452226
2026-02-18,2026-02-18 19:50:19.000 UTC,0x03bc36b6bf72ed5b41c9a4361a6351926a7493b4151036ca138fe659b8448b08,0x6c13c367c295ba8de665ba64f0b644efb83f67bf,0x0155b191ec52728d26b1cd82f6a412d5d6897c04,3569327000000000000000000,true,59543461
2026-02-24,2026-02-24 23:50:24.000 UTC,0x576f9e1c07f93c2e660624c4a950495056b4c20aba5bb1fd8558b00a6864d2c1,0x604ab90ccc26f34e758dfed290576d63e27a4385,0x0155b191ec52728d26b1cd82f6a412d5d6897c04,64911574000000000000000000,true,60076266
2026-03-05,2026-03-05 15:07:00.000 UTC,0x7e65fe6d6a18c0b544b98b08cfdc2aa2f0ab2e4d5318134756e6137a30b3a12f,0x6c13c367c295ba8de665ba64f0b644efb83f67bf,0x0155b191ec52728d26b1cd82f6a412d5d6897c04,28282736000000000000000000,true,60822462
2026-03-09,2026-03-09 15:48:50.000 UTC,0x5c69afaab6292c6dbf485c1cfbc2d35d3d38a3de1a080475219247e4eda6915a,0x604ab90ccc26f34e758dfed290576d63e27a4385,0x0155b191ec52728d26b1cd82f6a412d5d6897c04,37850342000000000000000000,true,61170572
2026-03-16,2026-03-16 21:43:35.000 UTC,0x7b45d32204b9806d7fe1c18bce81c8637af63dde1505c360eb4c6726703715f4,0x604ab90ccc26f34e758dfed290576d63e27a4385,0x0155b191ec52728d26b1cd82f6a412d5d6897c04,500000000000000000000000,true,61796657
2026-03-17,2026-03-17 12:52:42.000 UTC,0x3e86178bf9c9fab024378214e0e1a4766f4c60328ddbea211edf7ecfa713ac67,0x6c13c367c295ba8de665ba64f0b644efb83f67bf,0x0155b191ec52728d26b1cd82f6a412d5d6897c04,17000000000000000000000000,true,61851204
2026-03-17,2026-03-17 15:44:20.000 UTC,0x65bf10a032097b3ba8118c9486881b21d95c39b763c767cd2785162f1227e3a8,0x604ab90ccc26f34e758dfed290576d63e27a4385,0x0155b191ec52728d26b1cd82f6a412d5d6897c04,38250826000000000000000000,true,61861502
2026-03-17,2026-03-17 16:05:07.000 UTC,0xe9f70994eeaebf0f1b6e01ce5abf2cfc028b5592d1ac2cd0756bfa47f65668c1,0x6c13c367c295ba8de665ba64f0b644efb83f67bf,0x0155b191ec52728d26b1cd82f6a412d5d6897c04,33000000000000000000000000,true,61862749
2026-03-24,2026-03-24 12:12:59.000 UTC,0xc187724ff3f22007e596e06d234648bc5df2dd3eb5616612de02b8b1a7d9c1bb,0x604ab90ccc26f34e758dfed290576d63e27a4385,0x0155b191ec52728d26b1cd82f6a412d5d6897c04,60000000000000000000000000,true,62453621
