address,n_inbound,inbound_wei,n_outbound,outbound_wei
0x6619871118d144c1c28ec3b23036fc1f0829ed3a,34162,3358617098181790343129880915,34848,3358617098181790343129880915
0x8c05ea305235a67c7095a32ad4a2ee2688ade636,29577,1697360363638151144288653970,30373,1697360363638151144288653970
0x5bd35ee3c1975b2d735d2023bd4f38e3b0cfc122,2785,5758129763481883343806780273,24911,5351805390506643839730458000
0x4495f525c4ecacf9713a51ec3e8d1e81d7dff870,3559,2216637632132807681492920574,3408,2190989730169479530234928554
0x20216f3056bf98e245562940e6c9c65ad9b31271,3148,220846101380813783175836047,3238,220846101380813783175836047
0x6a2ef55ad2ebca69a83f8c6b9fc7a165233ba5f8,4324,187530921870000000000000000,6,187530921870000000000000000
0xb961cdcaa602612f5fec09220dbd57ad38364a40,1604,211549624304053849902305252,1604,211549624304053849902305252
0x24fb013b6c8cc82e6bd2f5dcd32e279b9b050a2f,1457,204821243143407775371624164,1457,204821243143407775371624164
0x9f36a2c632af905bb2e3cdf99a214b4d72e3f4dc,1489,85188033570000000000000000,6,85188033570000000000000000
0xeaf297815ec765eecda15e3fd3509d5b2acaa272,1256,17959127495400000000000000,0,0
0x1c44db0fec0913a3f50eadcf956dacb075d7995e,1077,55923202320000000000000000,6,55923202320000000000000000
0x8ce318919438982514f9f479fdfb40d32c6ab749,884,31684002882750695564027,3,31684002882750695564027
0x9f2bb8b7dff141e1e35d05d6b8215ba8634ffce8,305,1002036188220187560735717331,580,1002036133306440556003559069
0xb39f92b7eb0bb3cb4a36bc6013ee608726f8b345,433,58249158935346227903037024,433,58249158935346227903037024
0xb52cff57cf94717193c63fbcdd50d09edee3fbf5,281,357090999154359364016053528,555,357090987636223425729253345
0x5f7635086d2f3215b5b486460d3676c46e51c6d0,344,58454862342194222826993664,344,58454862342194222826993664
0xd1ab3b81bc425c3921fee2219026db806ff6d982,345,53104966971787417041878267,326,53104966971787417041877972
0x631c419570e93971d1afee3e94653ff659045aad,531,3704276431122138457109,0,0
0xbdf779b50dafcac0b90bb4e954eb5bfe881b0e48,531,3018952653521579271736,0,0
0x84a700ce13b2594810e598fad6fe553201ddcc5f,491,18106367560000000000000000,0,0
0x92a28a7679e06a605fde197d62d63a1cf37512e5,235,54310395783934168534389596,247,54310395783934168534389596
0xcc9fb781f4c376cf3400099b7dc04543e922f069,228,37363801741434450124336934,228,37363801741434450124336934
0x49daf0279281c7bff6a3923ecac12fea14a60880,442,33982164370000000000000000,8,33982164370000000000000000
0xfb58f12a85fb3ed25320200b69b6a1c4ba399fc7,412,33749960310000000000000000,0,0
0xc7dd4c315f763dd923654e59fc3583893e550e23,410,21344267570000000000000000,0,0
0x643770e279d5d0733f21d6dc03a8efbabf3255b4,138,157570946174275291854167854,257,157570946174275291854167854
0x628d4b5077325bfe670b8a73d84f2666e88b81e2,177,17874920480272316186905463,177,17874913319922962774770270
0xd2b37ade14708bf18904047b1e31f8166d39612b,150,7909236125826731100903859,199,7909236125826731100903858
0x9e73a61781413083c6a6e847c3d9f6340ee68fa8,342,20519911030000000000000000,3,20519911030000000000000000
0xbb6cb4e3fc7ab30ac0f2bb2aeb10b35b180eb0a6,151,3813235310000000000000000000,190,3796658660000000000000000000
0xeb78af88aa0fb00b96f895ada74a9d29df66d7a2,194,15536646539228217848877151,134,15536567801799191347102724
0x0155b191ec52728d26b1cd82f6a412d5d6897c04,152,5305013525219653188086304764,161,5305013525219653188086304764
0xf9e41c21f27aea8780b39eca105ffaf328f1879a,152,876255796150811034350301,152,876255796150811034350300
0xeecc9dcd0aa0ebd965004027844b486cb90acc8e,167,7616170866715646439867770,121,7616170866715646439867770
0xb7ed729b92a561f2a4c82ded86ebc0c7a4c87bfe,264,85401206740000000000000000,12,85401206740000000000000000
0x0000000000000000000000000000000000000000,121,3942473948591542995207235322,146,4942950751219653188086304764
0x368c1eb7dd1055d7f0197796887e2f2ec93c92ae,257,14545791380000000000000000,6,14545791380000000000000000
0x2ffda54ae0adb1e49c690e4362078f72d5c34fc5,255,13758417890000000000000000,0,0
0xb933794db2f61feb6b3794822f61d41aa7ac85cb,238,36608822660000000000000000,3,36167872855682071713147410
0xa14d75b5bae0c4b8361484497ec9771910d5d6c8,234,24418450810000000000000000,0,0
0xb92fe925dc43a0ecde6c8b1a2709c170ec4fff4f,116,6177256160668827082683018,116,6177256160668827082683018
0x18fd99abaca47cda0cd3926965d84801cefd4466,226,29922632180000000000000000,3,29816276470807171314741035
0x8ca3c426764058249d7cf65b9364773c02fd514f,116,3431726467000000000000000000,111,3431726467000000000000000000
0xb3f62a7d7ee263b2bf2b0dfea72025191236e2de,222,20507189570000000000000000,3,19854068165437848605577689
0x87c8356f7c4e81b56614e70024f0c375014aaae2,190,10837541733500000000200000,9,10837541733500000000200000
0x8e37f8c1218191c5773f541bc880097f4e149db4,190,11373515000000000000000000,6,11373515000000000000000000
0x8d2b7e5501eb6d92f8e349f2febe785dd070be74,79,338946716905805691800510462,106,338946716905805691800510462
0x8f5e7b1d234fc71d34c972be0317d3e32d78d84c,179,34165794930000000000000000,6,34165794930000000000000000
0xdca3251ebe8f85458e8d95813bcb816460e4bef1,60,3638100147772625329316600,107,3638100147772625329316600
0xcb65937718dfbe82032cf03a1de990276341b0e5,163,8416748990000000000000000,4,990144979300000000000000
0x623a5d6ee31f49c8125a829d844c14296b86afc2,159,6192373440000000000000000,6,6192373440000000000000000
0x07f9edb9484966972a67f2513e3613daf22ad61c,160,30239883030000000000000000,3,29946935668155776892430278
0xbaba5522f627b06a721cbd7a447e95d15add0dd0,162,9725444970000000000000000,0,0
0xe3c04f014fe936eb4d723fa8427423ae1d8e2c0b,133,6107724250000000000000000,6,6107724250000000000000000
0x6c9794051396f45eecc9a857af5fdd14a687a1ac,129,24382053180000000000000000,9,24382053180000000000000000
0xcc7ac90a3dacac5ccf51e4de24ffce0aa689f8d4,61,196014286574548575912788785,74,196014286574548575912788785
0x2448d0e7bb40b9df4fbc3b64b31ec6923583fe86,126,9410111230000000000000000,8,9410111230000000000000000
0xbf689d10dd25ed86fc88611bd101f5f9e6bfb7cd,69,1132748142769771583338327611,65,1132748141833213106732698816
0xab80028751bcf488705d80147fb2ee4b58f3c1f2,118,19380428560000000000000000,9,19380428560000000000000000
0xa16102a2172d6dd60a2d7137af49810435dcdd28,121,5027415070000000000000000,6,5027415070000000000000000
0x2920faca6d9ffb796902c770dc4a0df689a019a3,120,46561175860000000000000000,6,46309521681873306772908365
0x21d06974f8863b1b0c236bc3c5526dbf0051eab5,122,393720493588095949562214,3,346353021501071009590750
0x368b7b2cf34b9e581022ec69692711c8509b92c5,115,10685022070000000000000000,9,10685022070000000000000000
0x8c0a08dc8beb5115441671f18405da8e39ea5e04,66,962035118755191482721282515,57,962035118755185451636559759
0x2cd0afb24f5594f7386cb68cd6f6adc761fd00e3,117,17892418210000000000000000,3,17885401861154183266932270
0xe3d9b4d992d38372e2b20256cf440112647d8297,110,24142104650000000000000000,6,24142104650000000000000000
0x288dc841a52fca2707c6947b3a777c5e56cd87bc,45,5339593364065775669866670,68,262972597461871151867661
0x4b7b933ba39ce3ed35181e67474d64100dda312e,109,16607075470000000000000000,3,6619791165625099601593625
0x789dd1d477c1b7f2872ccd5065c98df94919f690,106,51899135350000000000000000,6,51899135350000000000000000
0x6eec68af3a6e3ce23c985e3555390253953a170d,100,7802038980000000000000000,6,7338495570512350597609561
0x9c8fbe1b1b916680cce1676d41d2b9ef0ed23a3c,99,7999999710000000000000000,6,7999999710000000000000000
0x0655e85eaa1d0c0c5a8cac500e40b61de7c5acb3,97,14368468890000000000000000,6,14117270091343824701195219
0xe30ce837457d4faf1bad958e2ca63c1db26cc013,103,19656086880000000000000000,0,0
0xbc4425cf99e1f4c04b8d4a32a61ddee43a32f600,98,36455876460000000000000000,3,27557121619182071713147410
0x25da23b9db8e0b59048f222d39e8124aa4b43b1f,93,8551055820000000000000000,3,5942716342911553784860557
0xe27d16b685e446e6c19a03f52aab4abcc2d29704,86,9687131330000000000000000,6,9687131330000000000000000
0xebc9be6f131cb3fe59d85598f6ffd04b12e3ec56,86,15881764250000000000000000,6,15881764250000000000000000
0x2fcbd7ae7f2e84e7b69618d069625c957309daa1,46,64437415234447319425052549,45,64437415234447319425052549
0xaac25787742a41fe605ab95cca8f08555f114426,85,41121161150000000000000000,5,41121161150000000000000000
0x5615cdab10dc425a742d643d949a7f474c01abc4,38,9688723929406611101683852,51,9688723929406611101683852
0xa15e3295465439a361dbcac79c1dbce6cd01e562,6,6374796957072475141648147,82,6287009867470530783416189
0x7fd391e06b07ffbacf48ed7a3332e66c1a931c16,81,11049840880000000000000000,6,11049840880000000000000000
0x459c30fbb2a312be72bbc27c800e913bcd081b41,80,2548934270000000000000000,6,2548934270000000000000000
0x6facf3c8c0db15daf796014ea6f87182f57f2501,29,1874141797295648494500679,56,1874141797295648494500679
0x58fed073ab2dd25c4c5c4265183e2e88e86be9e5,85,13278369530000000000000000,0,0
0x0a6a748f9408b118cbd9f2186f325fd0139c4e1b,77,4558476320000000000000000,8,4558476320000000000000000
0x408da6af24a2074f32ebf2b952639162eb8c26cc,42,4158428246732788665043685,42,4158428246732788665043685
0x5180af414747cbc20780d3ca98fd3c584bff4cbe,75,12658918560000000000000000,8,12658918560000000000000000
0x45e68c474f4c5166f22e2afd078910e1a693ea01,72,10390014770000000000000000,9,10390014770000000000000000
0x1a0dc837ba3d23ef715da025f94799c561e0d356,77,3365900381500004618000000,3,488307844400004618000000
0x998c90f7cd4b7c0072f4657ebc73668f0dcd33cc,79,3306195990000000000000000,0,0
0xfa8cfbd97d6c15307fe5dc51744f001835ba120e,78,3943947980000000000000000,0,0
0xe661832420aa4feacd88961965586c3610e598ef,66,17159267930000000000000000,9,17159267930000000000000000
0xe9b71ebd633554ab93750516b45b613e4ac6793a,72,8414355850000000000000000,3,7938120142408366533864541
0x6ce038eac08c399f8d27691001f501d7a5cfdb94,66,4523728280000000000000000,8,4523728280000000000000000
0x83787745a9e4c8ac65dde1a77e182ec62449fef7,67,27853528020000000000000000,6,27718174283830278884462151
0x1231deb6f5749ef6ce6943a275a1d3e7486f4eae,36,31320824329615872341258275,36,31320824329615872341258275
0x90cb22dd9cf7fde013691a954d11a177584f6c5c,58,3870288170000000000000000,12,3870288170000000000000000
0x85b9c596d4b1d0660847e937a51770bcb81d14d5,62,10647896370000000000000000,8,10647896370000000000000000
0x32117603792d8c70156a374f19c885c63fbf2a1e,67,4107249400000000000000000,0,0
0x488dd52f02f3dd2550599387bb933c5ffe62f5bb,58,10689256790000000000000000,8,10689256790000000000000000
0x0a694c250436bc7e029a6586c2b0b2d343940643,60,5444476370000000000000000,6,5444476370000000000000000
0x60640f3a013ef5e776c91b98bd8507a0ac7d2f47,62,5645603650000000000000000,3,5595241915818725099601593
0xa3761a88e316bea9a842de44a75c738d0bf95bcc,57,5369588670000000000000000,8,5369588670000000000000000
0x17c88b4c14ae0bb3edcdace2f16bd4c1f2815ccc,58,7020347290000000000000000,6,3679466469622709163346612
0xfbe854b250123c6b72022f75eab19345b1b06e90,58,4407938130000000000000000,6,4407938130000000000000000
0x09d195299d99bba4ed4b99b10e9f1bb99696396d,49,1467631258804162301075501,15,1467631258804162301075501
0xef577cef03722d07f499dccb13c9bbfa40d31d75,53,2207161150000000000000000,9,2207161150000000000000000
0xa7f9e2cc55adc63a12bd907242f0845856fff342,62,3236536330000000000000000,0,0
0x7b499f91a89fadbe5be15ee4d8f7604a68fcdabd,54,5297307710000000000000000,6,5297307710000000000000000
0x95afc67d5201edf883deb6b69396d3aa961015a1,57,4408856140000000000000000,3,3998748932907569721115537
0x902e1dd21ee2360b1e0c5994e4287bea42328be4,54,5484959840000000000000000,6,5484959840000000000000000
0xbae8f7f51c7d0fcf0b69c9a284615e0da6880d53,48,3830761340000000000000000,10,3830761340000000000000000
0x40821c9b874bbe7ea9d2cc7fbc98a52c9d905f3a,52,4773438350000000000000000,6,4773438350000000000000000
0x47f845a18f1af275078d8a4478a0addc93dd4d04,52,11257879650000000000000000,6,11257879650000000000000000
0x4be56610b5bf86a799bcb3620cd64bee89c73b12,52,3239935530000000000000000,6,3239935530000000000000000
0x66e87c168ad017e1ec2a10753b45e18da71c826b,48,10442228010000000000000000,9,10442228010000000000000000
0x2c05b3edeca5faedaec96abfeb43db5660166cdc,48,2183082690000000000000000,9,2183082690000000000000000
0xdde05ea4fd9103d31c7fb019cd94ceadfabcfee4,46,4093169680000000000000000,9,4093169680000000000000000
0x3f2dbd2a20974ac14bd6c8cd4ab7b02d344b92a6,49,3421500000000000000000000,6,3421500000000000000000000
0x83203cfb749590d107c815a6e7fcb1343d127b3b,55,548173508000000000000000,0,0
0x63a93b06af2cacad1701b60ff86504254a861f40,55,5215408480000000000000000,0,0
0x17c18575348fa45c5fb64e08cef517864edd33dd,49,16771311270000000000000000,6,16771311270000000000000000
0x756151c7a440a00e8a90c7fd3940cf4362742dee,45,2416052430000000000000000,8,2416052430000000000000000
0x7997757d5691628da6587a7361d1a969c536cca2,53,3133840090000000000000000,0,0
0x7ca4499d0e1046740faa65a2cbbd1542eb93490b,47,2941056980000000000000000,6,2941056980000000000000000
0x93636f94943b38404c267a1d39c3e89d964cc831,46,11201924320000000000000000,6,11201924320000000000000000
0x225630c5af5219041c0d295c0a19c15ed24ee459,46,5382631990000000000000000,5,5382631990000000000000000
0x64ba84dfc9778abbe075f7b609cf8edf1e90d5ef,41,2512725850000000000000000,9,2512725850000000000000000
0x3f0c5277dfb1ff580ce0365cc1f535680009dad9,27,1034775578531211442384821232,23,1034657457000000000000000000
0xc2603f244c8192ad9e81946d20ff6188ef74d173,48,1576033330000000000000000,2,181230983100000000000000
0x4e04be24e76915e498534222e0ce57656b80da6d,44,2475694390000000000000000,6,2475694390000000000000000
0xdfb65e371162fd9ef133a3988309cf80173786e1,43,2126545680000000000000000,6,2126545680000000000000000
0x26030e47282d5e5d40c0ea2c8f67408a571aa75b,40,4681921070000000000000000,9,4681921070000000000000000
0xa4d564d5e066059b953b2c865491c19fc0dc0557,41,4739109780000000000000000,8,4739109780000000000000000
0xead9e60b93c5e4cc72a975d896bc58253f28a02b,42,2300000000000000000000000,6,2300000000000000000000000
0xc216ba3321f65544c9aedac96702af9872c549b2,26,482260539000000000000000000,22,482260539000000000000000000
0xf54e246568e3a9570de6874e714ef6305fe4d7cd,42,2700000000000000000000000,6,2700000000000000000000000
0x65a10d8c74c6cedaf912476f46e3a99b552f876b,41,8699776340000000000000000,6,8699776340000000000000000
0xab9001da6d3f14c520f7d56498760b9db253f09b,41,4799691830000000000000000,6,4799691830000000000000000
0x60fa940e6fd056c3118630bd5b76e3834f1cde95,43,3670736220000000000000000,3,3208191257111553784860557
0xb512531b70bcf1df2f3d233ae4a17426e321d12b,40,6621664420000000000000000,6,6621664420000000000000000
0xf9313dc083a0b152803c48016bb9e3fd78d7008c,36,1336011490000000000000000,9,1336011490000000000000000
0x8b6c8d427025a916389c9a41a494be933680384a,39,1399694050000000000000000,6,1399694050000000000000000
0x7e6d694a6aafd4731c6dbd5bcf384b26ca693916,31,2071836580000000000000000,14,2071836580000000000000000
0xb893c1530c5ab582837d5abd70f9e917493b8167,45,1378720160000000000000000,0,0
0xa78a412cfe0b776d8e5523e12e7c167eebf23faf,42,1545189560000000000000000,2,184145379200000000000000
0xa0ecd742a366a841461f89b784992d756f688a21,32,2671528580000000000000000,11,2671528580000000000000000
0x4ec462ced9966af3d4c7807090006db5ef92ef43,37,2239936650000000000000000,6,2239936650000000000000000
0x70dade18f9c0892c2477f51f71d6d4030d471db3,37,1020000000000000000000000,6,1020000000000000000000000
0xc85e1810fcfef27d7f3d566860246ba7649311bb,36,2873500000000000000000000,7,361522690000000000000000
0x75da935045a5010fb3b7f5828cb324af43b151d0,42,10869622420000000000000000,0,0
0x5c2e112783a6854653b4bc7dc22248d3e592559c,41,175004468,0,0
0x0424d96743d196c581357466c68a7408112410e3,35,3230000320000000000000000,6,3230000320000000000000000
0x61489e66b7783a311b119035a71506ae1d83be6b,35,11864062050000000000000000,6,11773456251707171314741035
0xda45efd0cea3189fb94341dfcd92f441c47cf984,26,3524755500000000000000000,15,3374322306274900398406372
0x8e87143bb7d70228ca016b5aed62af8b36552ccf,35,6546436880000000000000000,6,6546436880000000000000000
0x85ab110b4113603269e0c9a855308670e867255d,34,2719661890000000000000000,6,2719661890000000000000000
0x12bdfcea5b7ddded21d8f7e0609a97cac5c0e823,34,11814766950000000000000000,6,11814766950000000000000000
0x4125af2d05e4a13faad0231985fce7a97c6caabd,32,5294023470000000000000000,8,5294023470000000000000000
0x74f80a186169d51facea380271a929adc705260f,34,2885020460000000000000000,6,2885020460000000000000000
0xc8589a90a84fba709294d6ced1b113fd36832970,40,5260443720000000000000000,0,0
0xdfd716323b94379ebd8423f72cc2bd53a749170e,36,4827407140000000000000000,3,4714510741313944223107569
0x911abaffe40b020d1fd37c2c6f1cc22a623127e9,36,3728863450000000000000000,3,3574345771420318725099601
0x0291a4be5e5f40de94a16f85eee31d458cc112c6,35,1924670450000000000000000,3,1267851410782868525896414
0xadffbe803acfffccc08628bc8e56bbb50801d1ab,35,1320777240000000000000000,3,1230320329309960159362549
0x3695ab10b3796c6ced01d972446259a7b0e15614,38,7426603610000000000000000,0,0
0x4ee4978d1d62fda4bcc321a4cf03884a67d5a381,29,6134266400000000000000000,9,6134266400000000000000000
0x044e7fd955c2dee908c3a90481cf0e0e3639ed4d,38,5466761890000000000000000,0,0
0xc6402178e07ff8bcff6f1ee2e24111aa3f8dbfec,34,1421654750000000000000000,3,1331196117280876494023904
0x10ce410ab938fc4afd026f5c2be7824bf6a9ef2c,34,1977875820000000000000000,3,1048847338396015936254980
0xfe5d68ee122b34fd6a7d502b83b1f42b144f75f8,34,2960000000000000000000000,3,2960000000000000000000000
0x28103e21dfde6c634eb2c9d68873c220a7b2522b,36,12730788830000000000000000,0,0
0x2d22b1ac4711b6fc26e97ec7346af72ae431f822,27,5083655650000000000000000,9,5083655650000000000000000
0xa5818dfd3ac1a64fe3e3e01cdb5f995c6432d147,24,6065656960000000000000000,11,6065656960000000000000000
0x8ade32d1807e8867daf99cb1a12a4f42a3460c59,26,1656441470000000000000000,9,1656441470000000000000000
0x33dde2029738dc5bb005c3144c26a81019ae245a,35,1094999730000000000000000,0,0
0x8a5905e5fbc55afd76ec12ad5cf712da8a04531f,32,1369000000000000000000000,3,644042701872509960159362
0x2dcb9dddfa021ad95a4b99cd644652b65257cb45,35,4444781120000000000000000,0,0
0xcc967ef44970c34549f8632c97f42f503a6ecec5,27,5960145630000000000000000,7,5960145630000000000000000
0x8e14633d087cc8d4693c64f3c2807b7f3b949944,34,1451891120000000000000000,0,0
0xd0c182d53a30514ff45380e370f0175e0f5d9af9,25,3153320620000000000000000,9,3153320620000000000000000
0x83c2f2f3f6ebea3d797c11ea8b218a8793ef9291,28,6564465550000000000000000,6,6564465550000000000000000
0xeef1fca818dd2be1842024d92cb0ce232bfeea1a,27,2670000000000000000000000,6,2670000000000000000000000
0x3834a483f77d3e5f021aa3f39096d9be3cce6e23,27,1299000000000000000000000,6,1299000000000000000000000
0xbe95284cbc4bbb51c7d08fadd5d33e935577d572,24,2200654390000000000000000,9,2200654390000000000000000
0x0950262d7be0372fed0177b274cb2fa0265b97bc,24,3219999880000000000000000,9,3219999880000000000000000
0x27a11f1b573878c53e250415f964e664a6ad5d84,17,347689378572553051304841668,15,347689378572549742469728031
0x02eee560adcfc093dbc332f544063400597a05e0,26,962494990000000000000000,6,962494990000000000000000
0x06fb019e34c3646d436dbf41da13bcf89f456db6,29,6467064520000000000000000,3,5798454954208764940239043
0x2c07416df5c44eca4e94eb1b5555ad2c71e365a5,26,1160000000000000000000000,6,1160000000000000000000000
0xe7e94284f5d08eec635d13ab87c61263692d8932,25,1620923240000000000000000,6,1620923240000000000000000
0xda05a694157279d74e05051bd710fd55fd1856ce,25,1330917610000000000000000,6,1330917610000000000000000
0xe6eb13b978ec4e0f91add3a502b7c088eb9a03f1,25,2221045160000000000000000,6,2221045160000000000000000
0x9708e59ea47d38f0f4ec25779232b9c377c43e67,24,2022942560000000000000000,7,225854399200000000000000
0x8581da41a0e60393466ea2a211762810f953d86b,26,2518960100000000000000000,5,2518960100000000000000000
0x02aacd0dafd2241e3f1087cf6e1464f0b645180b,25,1923644010000000000000000,6,1923644010000000000000000
0xa9e91de5b1038495fe61fbdbf4e5fa403b50d0da,31,3023572150000000000000000,0,0
0x69763227ce56ad274f47fb7f698778ebb27c3134,24,1440029560000000000000000,6,1440029560000000000000000
0x8cb70310b06dc8288dfd94271f8fd5477f023586,24,3094684980000000000000000,6,2102519672041035856573704
0xad6adc65bb88b78d5e8e89ef46d3266dffe8217c,25,2518611290000000000000000,5,2518611290000000000000000
0xcf17ba667a2bd9ac0adbb40b7d8a5829c3d30dee,24,2129455210000000000000000,6,2129455210000000000000000
0x90ae232ce95cf695edaff7e06a6953cbc9ab7b05,27,5056993620000000000000000,3,4763566833360159362549800
0x89c6340b1a1f4b25d36cd8b063d49045caf3f818,15,894218564599727698387585,15,894218564599727698387585
0x4823a761a6c5eb2979018b379f3fdefa9c87abf7,22,1536999730000000000000000,8,1536999730000000000000000
0x28692f57f7c06f7c9b87b2b2e102857698d571c7,24,770900000000000000000000,6,770900000000000000000000
0xd7129fdd8d579f212c4d6e0d1c42019800bde774,26,2841755180000000000000000,3,2645520041404780876494023
0xbb496171160862a78a260f922fb4b6e2b04e2b63,23,1905306970000000000000000,6,1905306970000000000000000
0xdd09f513fb3481a9b3965c28312c8ba5fc409262,18,2646198240000000000000000,11,2646198240000000000000000
0xc9890f1f3e37539be51716ffde8646fc8e580d04,29,2547683480000000000000000,0,0
0xf24689d00fef3fc3f9940963751e24d1f80c0a75,22,3228380230000000000000000,6,3228380230000000000000000
0x1aad9400e0a6531c9c613deb5c56a8f58ea34783,22,3852320870000000000000000,6,3852320870000000000000000
0x7f5f9fb41501e3a4d15d36e181e4792448655396,28,4028194040000000000000000,0,0
0xa5605e8ad8e66d3d4cb93ef757a26e875b7188cf,22,2438493290000000000000000,6,2438493290000000000000000
0x92e111bb036639856f444b1e5703a2eade63b824,22,1762874180000000000000000,6,1762874180000000000000000
0xefafeea78d059cc9b6c59317d10bf2e1b0a3c5c1,19,2771626130000000000000000,9,2771626130000000000000000
0xd27c1dbff5ebda3d9a1c151d4f42983a2e73d5d3,28,4895015890000000000000000,0,0
0xe26aba960847de820ce8a2971e2eb34960ffd12e,28,824318190000000000000000,0,0
0x022d499418768c59d44378fb063b529ad31a5e6c,21,4110160250000000000000000,6,4110160250000000000000000
0x546b6598aac7cbf77e14cd25b637709eebb5a754,21,2488894140000000000000000,6,2488894140000000000000000
0x08b6a0ed1da1b77503fcb254b57786905160f15d,27,3558610650000000000000000,0,0
0x51dd63dd06d0ba15b65f18fb96f60f07ebde5b25,21,2167064300000000000000000,6,2167064300000000000000000
0xc31563919da15873aa3dfe82b75383f69cfa6592,21,585000000000000000000000,6,585000000000000000000000
0x926d3a8b652dc69f1a92906a7fbfabef09c1cbfe,21,3123925540000000000000000,6,3123925540000000000000000
0x532fa0ee9575691eccb174d34b13e1c9392399a9,20,635954738448999788600212070,7,635941841381134509067436927
0x2d596d599e139256399b2fb19b3de6908bcbc8e2,22,3702062570000000000000000,5,3702062570000000000000000
0x4eaaf198e4156176a337b79f726226bd4dcd0c88,21,2068478000000000000000000,6,2068478000000000000000000
0xf17ce756f907e38375a1d3fdf5c4c4e6232c794e,18,1055807950000000000000000,9,1055807950000000000000000
0x0efaaee9ce72814551aea6b8fbe5597e013016e9,17,1383000000000000000000000,9,1383000000000000000000000
0x8f313f887b3ebc622e71128cf270865397220be4,20,1622704880000000000000000,6,1622704880000000000000000
0xc142fb655b7c471b4ddbe2ca303d7f2899d19d7c,20,1355544820000000000000000,6,1071503293892430278884462
0xe2606e9f3b35a527aa1cce94f74f7b8d3b24e728,6,202615722875500000000000,20,37380114974891324205688
0x1d75f5c6304a07d32bffe39395531129a9c11eb1,20,1241600950000000000000000,6,1241600950000000000000000
0x1e33c4e3e82e624e8ff51f9f3b77bf034bc5f9aa,20,1102335710000000000000000,6,1102335710000000000000000
0x1ed09674609519a93c55a0656df8a82a2b55f2b9,26,2583560080000000000000000,0,0
0x52a79a86250f234feb14359a00b2f2898daf834e,20,469998240000000000000000,6,469998240000000000000000
0x65ed3d79ce6989ceccc9b0c9f1f285fdc7d3497f,20,573650000000000000000000,6,573650000000000000000000
0xbcce633ad9719baa3637521d8270be32fe9c01c3,20,2023400730000000000000000,6,2023400730000000000000000
0x4c0858c2db09c4840b39975d1682dbcaa5c88f0c,26,2504797710000000000000000,0,0
0x960a0cdfbcbec1dd34f87aa9c644d5a78695821f,23,2802529020000000000000000,3,2802529020000000000000000
0xbbafb339d78a26106deea64c83fc55e4b3b50c02,21,1117958580000000000000000,5,1117958580000000000000000
0x53a57d96e8c77752a1a5e3d9dbf139769bc2a2a8,18,1017179510000000000000000,8,1017179510000000000000000
0xc374f5e2ca0392ea6455cfa09b61956993d52e00,26,2600000000000000000000000,0,0
0x299669184f13e739f3e9e600c06a5b15469ce52c,20,2868759780000000000000000,6,2868759780000000000000000
0x386e49817868ea21a215960a30a4ff6181c28a30,11,1486583060000000000000000,14,1486583060000000000000000
0x1c3e05a842e72e787f1b2d598ad92b7d51d4daa7,25,786309280000000000000000,0,0
0xf0c91a7a6e88076b77004dcb4b115cb9a52f7ce0,22,2038571320000000000000000,3,1784546462400000000000000
0x08371215bdb8ebd742956fd2557bbfcaf4abec2a,17,1088861210427450429139783,8,1088861210427450429139783
0x8ff7dd8fae37da2b8454c8e76bb1dc4f5ca5ad81,8,15955000000000000000000000,17,14853601465795195191727683
0xab1e808520e90430a0d5d8e8ab9994bf98fb3900,19,997500000000000000000000,6,997500000000000000000000
0x89a38bb9ee932ddc75d9dfc3a462e0787a9e78d5,18,2202662000000000000000000,7,121170040000000000000000
0x92e6d72d1fb1098524505e06e5c903c256a10a07,17,4306625610000000000000000,8,4306625610000000000000000
0x9a44f95a4329cdcc274fac732f157b7dd906e169,17,2853954350000000000000000,8,2853954350000000000000000
0xd4627ecb405b64448ee6b07dcf860bf55590c83d,25,2124410608318878373,0,0
0x58b5fe70011809368dffb5102bb6e2d472943bf4,16,1734786390000000000000000,8,1734786390000000000000000
0x6a18bf4eed2df35f8a4cf52c26c7479a134a55cc,18,1519493920000000000000000,6,1519493920000000000000000
0xacc4b28f12afa874cef5c8ddb4795301c61df0fd,18,1697825960000000000000000,6,1697825960000000000000000
0xfb669c390f25d0a3b4c525c284a1d59388e8d8ae,24,2830586560000000000000000,0,0
0xc98d318d136e3b801a0f230f720f45da98d5bae4,18,1220000000000000000000000,6,1220000000000000000000000
0xd7347b196f09192052d02f35b998c82f124dd18a,18,994069000000000000000000,6,994069000000000000000000
0x082d2526c8ef2054a293a3b7cc2d092a57f30871,24,1531500000000000000000000,0,0
0x9c1935ed32011e2ff424818363b6065e5722c2ad,17,1280000000000000000000000,6,1280000000000000000000000
0x277db647570bf3158a85c22ce51ae7ddf5c2c422,17,1939654760000000000000000,6,1939654760000000000000000
0x54ee5e67a51efe53cb5c3476d24a7f0058bafb2c,17,745033290000000000000000,6,745033290000000000000000
0xbd69c4b47d5cfccee033aef71a2f62e722e43aca,17,2478710380000000000000000,6,2368236931898804780876493
0x5f411351e6566409f9b0b8d03873846e0c7201b3,13,451122367507495780118104919,10,451122367507495780118104919
0xb5d36593fc761616774e4c118d3aa1a8320a2534,14,1641460460000000000000000,9,1641460460000000000000000
0x44d586433c9a4847875a7efff1bf85aae3d59df5,14,1381123540000000000000000,9,1381123540000000000000000
0xc7650b0a47612561c0ccd22b3cc70e13c1390e2a,17,1079973130000000000000000,6,1079973130000000000000000
0xa75b525f62ddaa459a6a8e79f319460bf18b1ae3,23,1305053350000000000000000,0,0
0xc358af76c887dce49f44743527013d75a81d8bee,15,4700000000000000000000000,8,4700000000000000000000000
0x03e454f9f25cf543363a3c84fedc2be3be95d36e,11,1791161286315137517620584,11,1791161286315137517620584
0x4608ae962931057a2c5d99c502aba30c3fe2ecd5,18,4101335530000000000000000,4,4101335530000000000000000
0x65dab34e87d8e88b2a088956cb88fb5f23272bad,13,3874275600000000000000000,9,3874275600000000000000000
0xa784fd851dc3b936d9925720dbfbf4079e4ca28c,13,529728020000000000000000,9,529728020000000000000000
0x1c4dfd800417b231fea61815e18be1a7ea072a4f,19,4892620020000000000000000,3,4802111955702788844621513
0x64a404e844600ff55fa44835e01f5ceffa1cb282,16,1063481490000000000000000,6,1063481490000000000000000
0x0819953990fb06634538154e77582957e7a3949b,19,2255641300000000000000000,3,2066137191039840637450199
0x48d4a95a5fdc7aa69b7516a0a8b0248db3216565,16,2680000000000000000000000,6,2680000000000000000000000
0x2e943298a4f35ee25407b23c4b66d4f119cdaa63,16,1384718040000000000000000,6,1384718040000000000000000
0x3312824431179e4bce8b463234bfb5a93228d5ed,13,300148890000000000000000,9,300148890000000000000000
0x7184d97bb9c7cec89105fbfc1f4914afd0c815c5,16,1285999400000000000000000,6,1285999400000000000000000
0x4056474bc131187952fe4e5dbc8f167625fb60a3,13,955652090000000000000000,9,955652090000000000000000
0x992527152b5637c175be811a4fbc381e30b5c146,11,272275603277828531504888,11,272275603277828531504888
0x76ac88e86c711b9d9d1ebccc054d700a533eeb28,16,3995537600000000000000000,6,3995537600000000000000000
0x7c80cc04c1b51c5f8e5585bfbcd5e3ebbbe74fe9,17,768297200000000000000000,5,768297200000000000000000
0xaa4db76bac9170f82b161e39bca3482231c09cad,16,959974440000000000000000,6,959974440000000000000000
0xafd02f2a437276df016574110b4aef9ec7474868,15,586745180000000000000000,6,586745180000000000000000
0x5ff2a27da9c406341bddb1d0adb20f1a85af401d,15,760000000000000000000000,6,760000000000000000000000
0xca98ee0b8e9fcca121c320b74a079e062b2d13f2,13,1025775650000000000000000,8,1025775650000000000000000
0x2d2337cf2af8add10af49fdb7b79b66bcf9ddb40,21,1672488220000000000000000,0,0
0x4ccdb3e4d0342160d95a2e0bf44b9b3a3cd8ba53,15,1756874050000000000000000,6,1690626633420318725099600
0x3a164e840e5c27fb4695127a7eb2d2ab53d53504,18,3297620040000000000000000,3,2976313160337051792828685
0x1e843be6ec7d71efd175ccd09f02f12079e6a54b,15,851714170000000000000000,6,851714170000000000000000
0x1ca33cff95e7eef86b080ab13851034cd3e9e457,11,160213883292797945282052824,10,160213883292797945282052824
0xc36797efb5965a8e96be48cf17f9cb54adcdbec8,10,66678568500942863208566,10,66678568500942863208566
0xb4a1e1f258955ea6c11015b70e72b5089677bb6a,20,5148336090000000000000000,0,0
0x2b4a4861babbb78c1930665139a77beb7443aa62,11,10180332859678206094990544,9,10180332859678206094990544
0xc5af47bfe19e7dca062bbd1639d4bb09a143ea88,20,1271644950000000000000000,0,0
0x313aa06a940ccd779f3e74064b5df88824ffc13f,14,2276004650000000000000000,6,2276004650000000000000000
